USN,SEM,SUB_CODE,SUBJECT_NAME,BOOK_REFERRED,BOOK_ID,GRADE_SCORED
1MS23CS6266,1,MCS13,RMI,Research Methods for Engineers,BID32,C
1MS23CS4664,1,MCS11,Advanced Mathematics,"Probability & Statistics with Reliability, Queuing and Computer Science Applications",BID12,A
1MS23CS9780,1,MCS16,IoT,"Designing the Internet of Things, Wiley",BID62,D
1MS23CS748,1,MCS14,VR,Virtual Reality,BID41,A
1MS23CS7150,1,MCS16,IoT,"Designing the Internet of Things, Wiley",BID62,S
1MS23CS8257,1,MCS13,RMI,Research Methods for Engineers,BID32,B
1MS23CS9349,1,MCS14,VR,Virtual Reality,BID41,B
1MS23CS3616,1,MCS13,RMI,Research Methods for Engineers,BID32,A
1MS23CS8650,1,MCS11,Advanced Mathematics,"Probability & Statistics with Reliability, Queuing and Computer Science Applications",BID12,S
1MS23CS3772,1,MCS11,Advanced Mathematics,Probability and Statistics,BID11,C
1MS23CS5793,1,MCS16,IoT,"Designing the Internet of Things, Wiley",BID62,S
1MS23CS8755,1,MCS14,VR,Virtual and Augmented Reality (VR/AR),BID42,B
1MS23CS2317,1,MCS12,ADBMS,Fundamentals of Database Systems,BID21,D
1MS23CS5356,1,MCS16,IoT,Internet of Things,BID61,B
1MS23CS6190,1,MCS16,IoT,"Designing the Internet of Things, Wiley",BID62,S
1MS23CS2002,1,MCS13,RMI,Research Methods for Engineers,BID32,B
1MS23CS736,1,MCS13,RMI,Research Methods for Engineers,BID32,S
1MS23CS6933,1,MCS15,AIML,Artificial Intelligence - A Modern Approach,BID51,A
1MS23CS1049,1,MCS16,IoT,Internet of Things,BID61,D
1MS23CS3982,1,MCS15,AIML,Machine Learning,BID52,A
1MS23CS740,1,MCS15,AIML,Machine Learning,BID52,A
1MS23CS1275,1,MCS16,IoT,"Designing the Internet of Things, Wiley",BID62,B
1MS23CS522,1,MCS13,RMI,Research Methods for Engineers,BID32,B
1MS23CS2789,1,MCS15,AIML,Machine Learning,BID52,C
1MS23CS830,1,MCS14,VR,Virtual Reality,BID41,S
1MS23CS7270,1,MCS14,VR,Virtual Reality,BID41,D
1MS23CS5807,1,MCS14,VR,Virtual and Augmented Reality (VR/AR),BID42,S
1MS23CS7547,1,MCS14,VR,Virtual Reality,BID41,C
1MS23CS1681,1,MCS13,RMI,Research Methods for Engineers,BID32,A
1MS23CS2127,1,MCS15,AIML,Machine Learning,BID52,B
1MS23CS1810,1,MCS16,IoT,"Designing the Internet of Things, Wiley",BID62,D
1MS23CS6954,1,MCS13,RMI,Research Methods for Engineers,BID32,B
1MS23CS5236,1,MCS15,AIML,Machine Learning,BID52,C
1MS23CS4366,1,MCS13,RMI,Research Methods for Engineers,BID32,B
1MS23CS479,1,MCS12,ADBMS,NoSQL for Mere Mortals,BID23,D
1MS23CS373,1,MCS13,RMI,Research Methods for Engineers,BID32,S
1MS23CS2210,1,MCS12,ADBMS,NoSQL for Mere Mortals,BID23,S
1MS23CS9991,1,MCS13,RMI,Engineering Research Methodology,BID31,D
1MS23CS1802,1,MCS14,VR,Virtual and Augmented Reality (VR/AR),BID42,D
1MS23CS8953,1,MCS12,ADBMS,NoSQL for Mere Mortals,BID23,B
1MS23CS4414,1,MCS16,IoT,Internet of Things,BID61,D
1MS23CS9687,1,MCS11,Advanced Mathematics,Advanced Engineering Mathematics,BID14,A
1MS23CS8417,1,MCS16,IoT,Internet of Things,BID61,B
1MS23CS8990,1,MCS14,VR,Virtual Reality,BID41,S
1MS23CS4585,1,MCS15,AIML,Machine Learning,BID52,A
1MS23CS6916,1,MCS12,ADBMS,NoSQL for Mere Mortals,BID23,D
1MS23CS4117,1,MCS12,ADBMS,Database System Concepts,BID22,D
1MS23CS4424,1,MCS12,ADBMS,Database System Concepts,BID22,S
1MS23CS8087,1,MCS16,IoT,Internet of Things,BID61,B
1MS23CS5577,1,MCS16,IoT,"Designing the Internet of Things, Wiley",BID62,C
1MS23CS3047,1,MCS16,IoT,Internet of Things,BID61,C
1MS23CS6254,1,MCS13,RMI,Research Methods for Engineers,BID32,A
1MS23CS8702,1,MCS15,AIML,Artificial Intelligence - A Modern Approach,BID51,B
1MS23CS1642,1,MCS13,RMI,Research Methods for Engineers,BID32,D
1MS23CS9168,1,MCS13,RMI,Engineering Research Methodology,BID31,C
1MS23CS1772,1,MCS11,Advanced Mathematics,"Probability & Statistics with Reliability, Queuing and Computer Science Applications",BID12,D
1MS23CS5226,1,MCS14,VR,Virtual Reality,BID41,S
1MS23CS2761,1,MCS14,VR,Virtual Reality,BID41,A
1MS23CS1564,1,MCS11,Advanced Mathematics,"Probability & Statistics with Reliability, Queuing and Computer Science Applications",BID12,A
1MS23CS2361,1,MCS12,ADBMS,NoSQL for Mere Mortals,BID23,C
1MS23CS6896,1,MCS12,ADBMS,Fundamentals of Database Systems,BID21,S
1MS23CS5991,1,MCS15,AIML,Artificial Intelligence - A Modern Approach,BID51,A
1MS23CS5456,1,MCS16,IoT,"Designing the Internet of Things, Wiley",BID62,D
1MS23CS8018,1,MCS16,IoT,Internet of Things,BID61,D
1MS23CS2652,1,MCS12,ADBMS,Database System Concepts,BID22,B
1MS23CS3619,1,MCS12,ADBMS,Database System Concepts,BID22,D
1MS23CS2568,1,MCS11,Advanced Mathematics,Probability and Statistics,BID11,S
1MS23CS3651,1,MCS14,VR,Virtual Reality,BID41,B
1MS23CS4631,1,MCS14,VR,Virtual and Augmented Reality (VR/AR),BID42,B
1MS23CS3578,1,MCS13,RMI,Engineering Research Methodology,BID31,A
1MS23CS1233,1,MCS14,VR,Virtual Reality,BID41,A
1MS23CS9746,1,MCS14,VR,Virtual Reality,BID41,S
1MS23CS4168,1,MCS13,RMI,Research Methods for Engineers,BID32,A
1MS23CS6605,1,MCS16,IoT,Internet of Things,BID61,C
1MS23CS6790,1,MCS13,RMI,Research Methods for Engineers,BID32,D
1MS23CS5700,1,MCS11,Advanced Mathematics,Linear Algebra with Applications,BID13,D
1MS23CS2233,1,MCS14,VR,Virtual and Augmented Reality (VR/AR),BID42,B
1MS23CS3443,1,MCS16,IoT,Internet of Things,BID61,C
1MS23CS5816,1,MCS16,IoT,"Designing the Internet of Things, Wiley",BID62,A
1MS23CS430,1,MCS12,ADBMS,Fundamentals of Database Systems,BID21,D
1MS23CS1111,1,MCS13,RMI,Engineering Research Methodology,BID31,B
1MS23CS9857,1,MCS15,AIML,Machine Learning,BID52,D
1MS23CS2986,1,MCS13,RMI,Engineering Research Methodology,BID31,S
1MS23CS6751,1,MCS12,ADBMS,NoSQL for Mere Mortals,BID23,B
1MS23CS5709,1,MCS15,AIML,Machine Learning,BID52,S
1MS23CS5147,1,MCS16,IoT,"Designing the Internet of Things, Wiley",BID62,C
1MS23CS2581,1,MCS12,ADBMS,NoSQL for Mere Mortals,BID23,D
1MS23CS1982,1,MCS13,RMI,Research Methods for Engineers,BID32,A
1MS23CS7055,1,MCS16,IoT,"Designing the Internet of Things, Wiley",BID62,A
1MS23CS8760,1,MCS15,AIML,Artificial Intelligence - A Modern Approach,BID51,S
1MS23CS3816,1,MCS15,AIML,Artificial Intelligence - A Modern Approach,BID51,C
1MS23CS179,1,MCS13,RMI,Research Methods for Engineers,BID32,A
1MS23CS4656,1,MCS12,ADBMS,Database System Concepts,BID22,C
1MS23CS4683,1,MCS16,IoT,"Designing the Internet of Things, Wiley",BID62,S
1MS23CS3583,1,MCS15,AIML,Artificial Intelligence - A Modern Approach,BID51,B
1MS23CS4613,1,MCS12,ADBMS,NoSQL for Mere Mortals,BID23,D
1MS23CS6684,1,MCS14,VR,Virtual and Augmented Reality (VR/AR),BID42,A
1MS23CS8087,1,MCS14,VR,Virtual and Augmented Reality (VR/AR),BID42,B
1MS23CS5854,1,MCS15,AIML,Artificial Intelligence - A Modern Approach,BID51,B
1MS23CS2928,1,MCS13,RMI,Engineering Research Methodology,BID31,D
1MS23CS7660,1,MCS14,VR,Virtual and Augmented Reality (VR/AR),BID42,B
1MS23CS3074,1,MCS14,VR,Virtual Reality,BID41,C
1MS23CS5781,1,MCS11,Advanced Mathematics,"Probability & Statistics with Reliability, Queuing and Computer Science Applications",BID12,C
1MS23CS6956,1,MCS13,RMI,Engineering Research Methodology,BID31,C
1MS23CS185,1,MCS12,ADBMS,Database System Concepts,BID22,A
1MS23CS6584,1,MCS14,VR,Virtual Reality,BID41,B
1MS23CS8319,1,MCS15,AIML,Artificial Intelligence - A Modern Approach,BID51,C
1MS23CS9691,1,MCS11,Advanced Mathematics,"Probability & Statistics with Reliability, Queuing and Computer Science Applications",BID12,S
1MS23CS475,1,MCS12,ADBMS,NoSQL for Mere Mortals,BID23,A
1MS23CS7668,1,MCS13,RMI,Engineering Research Methodology,BID31,B
1MS23CS9766,1,MCS16,IoT,Internet of Things,BID61,D
1MS23CS5584,1,MCS15,AIML,Artificial Intelligence - A Modern Approach,BID51,A
1MS23CS2648,1,MCS11,Advanced Mathematics,Probability and Statistics,BID11,S
1MS23CS8378,1,MCS11,Advanced Mathematics,Probability and Statistics,BID11,S
1MS23CS4028,1,MCS16,IoT,"Designing the Internet of Things, Wiley",BID62,B
1MS23CS1228,1,MCS14,VR,Virtual and Augmented Reality (VR/AR),BID42,D
1MS23CS907,1,MCS14,VR,Virtual Reality,BID41,D
1MS23CS6728,1,MCS13,RMI,Research Methods for Engineers,BID32,B
1MS23CS7547,1,MCS16,IoT,"Designing the Internet of Things, Wiley",BID62,D
1MS23CS9470,1,MCS14,VR,Virtual Reality,BID41,C
1MS23CS168,1,MCS12,ADBMS,Fundamentals of Database Systems,BID21,B
1MS23CS9184,1,MCS12,ADBMS,NoSQL for Mere Mortals,BID23,C
1MS23CS6451,1,MCS12,ADBMS,NoSQL for Mere Mortals,BID23,B
1MS23CS2631,1,MCS16,IoT,Internet of Things,BID61,B
1MS23CS3004,1,MCS15,AIML,Machine Learning,BID52,B
1MS23CS3531,1,MCS14,VR,Virtual Reality,BID41,A
1MS23CS3685,1,MCS16,IoT,Internet of Things,BID61,S
1MS23CS8302,1,MCS16,IoT,Internet of Things,BID61,B
1MS23CS7746,1,MCS12,ADBMS,Database System Concepts,BID22,B
1MS23CS1220,1,MCS12,ADBMS,Database System Concepts,BID22,C
1MS23CS4457,1,MCS15,AIML,Machine Learning,BID52,D
1MS23CS3907,1,MCS14,VR,Virtual and Augmented Reality (VR/AR),BID42,D
1MS23CS6117,1,MCS16,IoT,Internet of Things,BID61,S
1MS23CS8123,1,MCS14,VR,Virtual and Augmented Reality (VR/AR),BID42,S
1MS23CS6882,1,MCS12,ADBMS,NoSQL for Mere Mortals,BID23,A
1MS23CS6387,1,MCS14,VR,Virtual Reality,BID41,A
1MS23CS5365,1,MCS13,RMI,Engineering Research Methodology,BID31,C
1MS23CS5893,1,MCS11,Advanced Mathematics,"Probability & Statistics with Reliability, Queuing and Computer Science Applications",BID12,S
1MS23CS658,1,MCS12,ADBMS,NoSQL for Mere Mortals,BID23,D
1MS23CS1155,1,MCS15,AIML,Artificial Intelligence - A Modern Approach,BID51,A
1MS23CS1200,1,MCS13,RMI,Research Methods for Engineers,BID32,S
1MS23CS4994,1,MCS11,Advanced Mathematics,"Probability & Statistics with Reliability, Queuing and Computer Science Applications",BID12,D
1MS23CS1920,1,MCS15,AIML,Artificial Intelligence - A Modern Approach,BID51,C
1MS23CS2185,1,MCS12,ADBMS,Fundamentals of Database Systems,BID21,D
1MS23CS7110,1,MCS15,AIML,Machine Learning,BID52,C
1MS23CS423,1,MCS11,Advanced Mathematics,Linear Algebra with Applications,BID13,S
1MS23CS2961,1,MCS16,IoT,Internet of Things,BID61,S
1MS23CS1090,1,MCS14,VR,Virtual Reality,BID41,S
1MS23CS174,1,MCS12,ADBMS,Fundamentals of Database Systems,BID21,D
1MS23CS9557,1,MCS12,ADBMS,NoSQL for Mere Mortals,BID23,C
1MS23CS2467,1,MCS14,VR,Virtual and Augmented Reality (VR/AR),BID42,C
1MS23CS3769,1,MCS14,VR,Virtual Reality,BID41,S
1MS23CS5980,1,MCS16,IoT,Internet of Things,BID61,B
1MS23CS5042,1,MCS14,VR,Virtual Reality,BID41,C
1MS23CS1873,1,MCS15,AIML,Machine Learning,BID52,A
1MS23CS2782,1,MCS13,RMI,Research Methods for Engineers,BID32,S
1MS23CS7799,1,MCS15,AIML,Artificial Intelligence - A Modern Approach,BID51,A
1MS23CS2381,1,MCS14,VR,Virtual Reality,BID41,B
1MS23CS7305,1,MCS15,AIML,Machine Learning,BID52,S
1MS23CS5744,1,MCS16,IoT,"Designing the Internet of Things, Wiley",BID62,C
1MS23CS8852,1,MCS11,Advanced Mathematics,"Probability & Statistics with Reliability, Queuing and Computer Science Applications",BID12,C
1MS23CS2302,1,MCS16,IoT,Internet of Things,BID61,A
1MS23CS2240,1,MCS14,VR,Virtual Reality,BID41,A
1MS23CS1737,1,MCS16,IoT,"Designing the Internet of Things, Wiley",BID62,A
1MS23CS1511,1,MCS13,RMI,Engineering Research Methodology,BID31,A
1MS23CS5649,1,MCS13,RMI,Research Methods for Engineers,BID32,S
1MS23CS327,1,MCS13,RMI,Research Methods for Engineers,BID32,A
1MS23CS9217,1,MCS13,RMI,Research Methods for Engineers,BID32,A
1MS23CS5808,1,MCS11,Advanced Mathematics,Advanced Engineering Mathematics,BID14,A
1MS23CS1076,1,MCS12,ADBMS,NoSQL for Mere Mortals,BID23,S
1MS23CS8083,1,MCS12,ADBMS,Database System Concepts,BID22,S
1MS23CS7227,1,MCS12,ADBMS,Fundamentals of Database Systems,BID21,S
1MS23CS7292,1,MCS15,AIML,Artificial Intelligence - A Modern Approach,BID51,A
1MS23CS5882,1,MCS15,AIML,Machine Learning,BID52,D
1MS23CS1770,1,MCS13,RMI,Research Methods for Engineers,BID32,D
1MS23CS2391,1,MCS16,IoT,Internet of Things,BID61,C
1MS23CS677,1,MCS15,AIML,Artificial Intelligence - A Modern Approach,BID51,C
1MS23CS3910,1,MCS11,Advanced Mathematics,"Probability & Statistics with Reliability, Queuing and Computer Science Applications",BID12,A
1MS23CS8900,1,MCS12,ADBMS,NoSQL for Mere Mortals,BID23,C
1MS23CS9463,1,MCS11,Advanced Mathematics,Linear Algebra with Applications,BID13,C
1MS23CS2540,1,MCS12,ADBMS,Fundamentals of Database Systems,BID21,D
1MS23CS7538,1,MCS11,Advanced Mathematics,Probability and Statistics,BID11,C
1MS23CS6747,1,MCS13,RMI,Engineering Research Methodology,BID31,B
1MS23CS9973,1,MCS12,ADBMS,Fundamentals of Database Systems,BID21,D
1MS23CS1607,1,MCS13,RMI,Engineering Research Methodology,BID31,A
1MS23CS5375,1,MCS14,VR,Virtual Reality,BID41,A
1MS23CS6986,1,MCS12,ADBMS,Fundamentals of Database Systems,BID21,D
1MS23CS9389,1,MCS12,ADBMS,Database System Concepts,BID22,D
1MS23CS9130,1,MCS12,ADBMS,NoSQL for Mere Mortals,BID23,A
1MS23CS5459,1,MCS16,IoT,Internet of Things,BID61,D
1MS23CS231,1,MCS12,ADBMS,NoSQL for Mere Mortals,BID23,S
1MS23CS6700,1,MCS16,IoT,"Designing the Internet of Things, Wiley",BID62,A
1MS23CS3162,1,MCS14,VR,Virtual and Augmented Reality (VR/AR),BID42,D
1MS23CS9762,1,MCS11,Advanced Mathematics,Advanced Engineering Mathematics,BID14,D
1MS23CS5214,1,MCS11,Advanced Mathematics,Linear Algebra with Applications,BID13,D
1MS23CS9020,1,MCS12,ADBMS,NoSQL for Mere Mortals,BID23,A
1MS23CS9610,1,MCS12,ADBMS,Database System Concepts,BID22,C
1MS23CS3866,1,MCS11,Advanced Mathematics,Linear Algebra with Applications,BID13,D
1MS23CS4690,1,MCS15,AIML,Artificial Intelligence - A Modern Approach,BID51,D
1MS23CS3469,1,MCS12,ADBMS,Database System Concepts,BID22,S
1MS23CS530,1,MCS12,ADBMS,Fundamentals of Database Systems,BID21,B
1MS23CS9925,1,MCS16,IoT,Internet of Things,BID61,C
1MS23CS5801,1,MCS13,RMI,Engineering Research Methodology,BID31,C
1MS23CS7638,1,MCS16,IoT,"Designing the Internet of Things, Wiley",BID62,A
1MS23CS3798,1,MCS11,Advanced Mathematics,Linear Algebra with Applications,BID13,D
1MS23CS7823,1,MCS12,ADBMS,NoSQL for Mere Mortals,BID23,D
1MS23CS6816,1,MCS15,AIML,Artificial Intelligence - A Modern Approach,BID51,A
1MS23CS8327,1,MCS13,RMI,Research Methods for Engineers,BID32,C
1MS23CS8202,1,MCS16,IoT,"Designing the Internet of Things, Wiley",BID62,C
1MS23CS8113,1,MCS13,RMI,Engineering Research Methodology,BID31,B
1MS23CS9516,1,MCS15,AIML,Machine Learning,BID52,D
1MS23CS9823,1,MCS14,VR,Virtual Reality,BID41,C
1MS23CS9921,1,MCS13,RMI,Research Methods for Engineers,BID32,B
1MS23CS8106,1,MCS16,IoT,"Designing the Internet of Things, Wiley",BID62,C
1MS23CS9032,1,MCS15,AIML,Machine Learning,BID52,S
1MS23CS3122,1,MCS12,ADBMS,Fundamentals of Database Systems,BID21,A
1MS23CS3152,1,MCS16,IoT,Internet of Things,BID61,D
1MS23CS9479,1,MCS14,VR,Virtual and Augmented Reality (VR/AR),BID42,C
1MS23CS5290,1,MCS11,Advanced Mathematics,Probability and Statistics,BID11,C
1MS23CS7971,1,MCS16,IoT,Internet of Things,BID61,D
1MS23CS6369,1,MCS15,AIML,Machine Learning,BID52,A
1MS23CS3853,1,MCS13,RMI,Research Methods for Engineers,BID32,S
1MS23CS306,1,MCS15,AIML,Artificial Intelligence - A Modern Approach,BID51,B
1MS23CS2241,1,MCS13,RMI,Engineering Research Methodology,BID31,A
1MS23CS9238,1,MCS11,Advanced Mathematics,"Probability & Statistics with Reliability, Queuing and Computer Science Applications",BID12,C
1MS23CS6756,1,MCS15,AIML,Artificial Intelligence - A Modern Approach,BID51,C
1MS23CS3749,1,MCS16,IoT,"Designing the Internet of Things, Wiley",BID62,B
1MS23CS6592,1,MCS13,RMI,Engineering Research Methodology,BID31,C
1MS23CS1353,1,MCS11,Advanced Mathematics,Probability and Statistics,BID11,D
1MS23CS5258,1,MCS15,AIML,Artificial Intelligence - A Modern Approach,BID51,S
1MS23CS4940,1,MCS12,ADBMS,NoSQL for Mere Mortals,BID23,B
1MS23CS880,1,MCS14,VR,Virtual and Augmented Reality (VR/AR),BID42,C
1MS23CS8347,1,MCS11,Advanced Mathematics,Probability and Statistics,BID11,D
1MS23CS9369,1,MCS13,RMI,Research Methods for Engineers,BID32,A
1MS23CS2168,1,MCS15,AIML,Machine Learning,BID52,B
1MS23CS2934,1,MCS16,IoT,"Designing the Internet of Things, Wiley",BID62,S
1MS23CS7594,1,MCS11,Advanced Mathematics,"Probability & Statistics with Reliability, Queuing and Computer Science Applications",BID12,D
1MS23CS7300,1,MCS13,RMI,Research Methods for Engineers,BID32,B
1MS23CS7325,1,MCS16,IoT,Internet of Things,BID61,C
1MS23CS7863,1,MCS11,Advanced Mathematics,Advanced Engineering Mathematics,BID14,A
1MS23CS1824,1,MCS14,VR,Virtual Reality,BID41,D
1MS23CS5653,1,MCS11,Advanced Mathematics,Advanced Engineering Mathematics,BID14,D
1MS23CS2547,1,MCS12,ADBMS,Database System Concepts,BID22,A
1MS23CS4145,1,MCS12,ADBMS,Fundamentals of Database Systems,BID21,D
1MS23CS4769,1,MCS12,ADBMS,Fundamentals of Database Systems,BID21,A
1MS23CS4155,1,MCS12,ADBMS,Database System Concepts,BID22,C
1MS23CS7104,1,MCS11,Advanced Mathematics,Linear Algebra with Applications,BID13,A
1MS23CS7683,1,MCS13,RMI,Engineering Research Methodology,BID31,S
1MS23CS9876,1,MCS16,IoT,"Designing the Internet of Things, Wiley",BID62,D
1MS23CS3249,1,MCS16,IoT,"Designing the Internet of Things, Wiley",BID62,A
1MS23CS8743,1,MCS14,VR,Virtual Reality,BID41,A
1MS23CS9026,1,MCS11,Advanced Mathematics,Linear Algebra with Applications,BID13,A
1MS23CS2842,1,MCS14,VR,Virtual Reality,BID41,B
1MS23CS8716,1,MCS13,RMI,Engineering Research Methodology,BID31,D
1MS23CS492,1,MCS13,RMI,Engineering Research Methodology,BID31,B
1MS23CS1024,1,MCS11,Advanced Mathematics,"Probability & Statistics with Reliability, Queuing and Computer Science Applications",BID12,A
1MS23CS1853,1,MCS16,IoT,Internet of Things,BID61,D
1MS23CS484,1,MCS11,Advanced Mathematics,Linear Algebra with Applications,BID13,D
1MS23CS944,1,MCS15,AIML,Machine Learning,BID52,A
1MS23CS4008,1,MCS11,Advanced Mathematics,"Probability & Statistics with Reliability, Queuing and Computer Science Applications",BID12,C
1MS23CS1821,1,MCS14,VR,Virtual and Augmented Reality (VR/AR),BID42,B
1MS23CS957,1,MCS11,Advanced Mathematics,Advanced Engineering Mathematics,BID14,C
1MS23CS7741,1,MCS13,RMI,Research Methods for Engineers,BID32,C
1MS23CS7531,1,MCS11,Advanced Mathematics,"Probability & Statistics with Reliability, Queuing and Computer Science Applications",BID12,D
1MS23CS5339,1,MCS15,AIML,Artificial Intelligence - A Modern Approach,BID51,C
1MS23CS5522,1,MCS15,AIML,Machine Learning,BID52,D
1MS23CS4498,1,MCS14,VR,Virtual and Augmented Reality (VR/AR),BID42,D
1MS23CS7494,1,MCS13,RMI,Engineering Research Methodology,BID31,D
1MS23CS4709,1,MCS12,ADBMS,Fundamentals of Database Systems,BID21,D
1MS23CS433,1,MCS11,Advanced Mathematics,"Probability & Statistics with Reliability, Queuing and Computer Science Applications",BID12,C
1MS23CS5700,1,MCS15,AIML,Machine Learning,BID52,C
1MS23CS6438,1,MCS15,AIML,Machine Learning,BID52,D
1MS23CS3661,1,MCS11,Advanced Mathematics,Linear Algebra with Applications,BID13,S
1MS23CS5776,1,MCS13,RMI,Engineering Research Methodology,BID31,D
1MS23CS2554,1,MCS13,RMI,Engineering Research Methodology,BID31,C
1MS23CS666,1,MCS16,IoT,"Designing the Internet of Things, Wiley",BID62,D
1MS23CS7261,1,MCS15,AIML,Artificial Intelligence - A Modern Approach,BID51,S
1MS23CS9596,1,MCS15,AIML,Artificial Intelligence - A Modern Approach,BID51,S
1MS23CS49,1,MCS14,VR,Virtual and Augmented Reality (VR/AR),BID42,B
1MS23CS7993,1,MCS13,RMI,Research Methods for Engineers,BID32,D
1MS23CS6502,1,MCS14,VR,Virtual Reality,BID41,B
1MS23CS9854,1,MCS13,RMI,Engineering Research Methodology,BID31,D
1MS23CS2674,1,MCS14,VR,Virtual Reality,BID41,D
1MS23CS8431,1,MCS11,Advanced Mathematics,"Probability & Statistics with Reliability, Queuing and Computer Science Applications",BID12,B
1MS23CS3300,1,MCS15,AIML,Artificial Intelligence - A Modern Approach,BID51,S
1MS23CS9732,1,MCS13,RMI,Engineering Research Methodology,BID31,B
1MS23CS6078,1,MCS15,AIML,Machine Learning,BID52,S
1MS23CS8507,1,MCS16,IoT,"Designing the Internet of Things, Wiley",BID62,A
1MS23CS6601,1,MCS13,RMI,Engineering Research Methodology,BID31,B
1MS23CS9768,1,MCS16,IoT,"Designing the Internet of Things, Wiley",BID62,S
1MS23CS4431,1,MCS12,ADBMS,Database System Concepts,BID22,C
1MS23CS1760,1,MCS12,ADBMS,Fundamentals of Database Systems,BID21,D
1MS23CS183,1,MCS13,RMI,Engineering Research Methodology,BID31,A
1MS23CS7541,1,MCS16,IoT,"Designing the Internet of Things, Wiley",BID62,B
1MS23CS3597,1,MCS11,Advanced Mathematics,Linear Algebra with Applications,BID13,B
1MS23CS3530,1,MCS11,Advanced Mathematics,"Probability & Statistics with Reliability, Queuing and Computer Science Applications",BID12,A
1MS23CS9346,1,MCS12,ADBMS,Database System Concepts,BID22,D
1MS23CS3145,1,MCS15,AIML,Artificial Intelligence - A Modern Approach,BID51,C
1MS23CS5350,1,MCS14,VR,Virtual Reality,BID41,D
1MS23CS1982,1,MCS16,IoT,Internet of Things,BID61,C
1MS23CS6534,1,MCS16,IoT,"Designing the Internet of Things, Wiley",BID62,S
1MS23CS7361,1,MCS12,ADBMS,Database System Concepts,BID22,S
1MS23CS7893,1,MCS15,AIML,Artificial Intelligence - A Modern Approach,BID51,S
1MS23CS8198,1,MCS16,IoT,"Designing the Internet of Things, Wiley",BID62,A
1MS23CS6016,1,MCS15,AIML,Machine Learning,BID52,A
1MS23CS7727,1,MCS12,ADBMS,NoSQL for Mere Mortals,BID23,D
1MS23CS1278,1,MCS11,Advanced Mathematics,Probability and Statistics,BID11,B
1MS23CS7754,1,MCS12,ADBMS,Fundamentals of Database Systems,BID21,D
1MS23CS7373,1,MCS16,IoT,"Designing the Internet of Things, Wiley",BID62,S
1MS23CS2801,1,MCS15,AIML,Machine Learning,BID52,B
1MS23CS6445,1,MCS12,ADBMS,Fundamentals of Database Systems,BID21,C
1MS23CS9329,1,MCS12,ADBMS,NoSQL for Mere Mortals,BID23,A
1MS23CS9473,1,MCS13,RMI,Engineering Research Methodology,BID31,B
1MS23CS9288,1,MCS15,AIML,Artificial Intelligence - A Modern Approach,BID51,S
1MS23CS4175,1,MCS12,ADBMS,NoSQL for Mere Mortals,BID23,B
1MS23CS827,1,MCS12,ADBMS,NoSQL for Mere Mortals,BID23,D
1MS23CS6819,1,MCS14,VR,Virtual Reality,BID41,S
1MS23CS1395,1,MCS15,AIML,Machine Learning,BID52,D
1MS23CS3455,1,MCS11,Advanced Mathematics,Advanced Engineering Mathematics,BID14,C
1MS23CS1447,1,MCS13,RMI,Engineering Research Methodology,BID31,A
1MS23CS2301,1,MCS11,Advanced Mathematics,Advanced Engineering Mathematics,BID14,S
1MS23CS8163,1,MCS14,VR,Virtual and Augmented Reality (VR/AR),BID42,C
1MS23CS6114,1,MCS12,ADBMS,NoSQL for Mere Mortals,BID23,B
1MS23CS8204,1,MCS15,AIML,Machine Learning,BID52,C
1MS23CS7805,1,MCS12,ADBMS,Fundamentals of Database Systems,BID21,S
1MS23CS1131,1,MCS12,ADBMS,NoSQL for Mere Mortals,BID23,D
1MS23CS6366,1,MCS13,RMI,Research Methods for Engineers,BID32,C
1MS23CS3670,1,MCS15,AIML,Artificial Intelligence - A Modern Approach,BID51,S
1MS23CS9408,1,MCS15,AIML,Machine Learning,BID52,S
1MS23CS8755,1,MCS11,Advanced Mathematics,Advanced Engineering Mathematics,BID14,A
1MS23CS2798,1,MCS16,IoT,"Designing the Internet of Things, Wiley",BID62,D
1MS23CS8219,1,MCS16,IoT,"Designing the Internet of Things, Wiley",BID62,D
1MS23CS9872,1,MCS13,RMI,Engineering Research Methodology,BID31,C
1MS23CS1164,1,MCS13,RMI,Research Methods for Engineers,BID32,S
1MS23CS18,1,MCS16,IoT,Internet of Things,BID61,A
1MS23CS7811,1,MCS13,RMI,Engineering Research Methodology,BID31,C
1MS23CS263,1,MCS13,RMI,Engineering Research Methodology,BID31,A
1MS23CS8545,1,MCS11,Advanced Mathematics,"Probability & Statistics with Reliability, Queuing and Computer Science Applications",BID12,D
1MS23CS9613,1,MCS13,RMI,Engineering Research Methodology,BID31,D
1MS23CS4153,1,MCS15,AIML,Artificial Intelligence - A Modern Approach,BID51,A
1MS23CS5691,1,MCS11,Advanced Mathematics,Probability and Statistics,BID11,D
1MS23CS5450,1,MCS12,ADBMS,NoSQL for Mere Mortals,BID23,S
1MS23CS1696,1,MCS11,Advanced Mathematics,Linear Algebra with Applications,BID13,B
1MS23CS990,1,MCS15,AIML,Artificial Intelligence - A Modern Approach,BID51,C
1MS23CS3015,1,MCS14,VR,Virtual Reality,BID41,C
1MS23CS3881,1,MCS16,IoT,Internet of Things,BID61,A
1MS23CS4325,1,MCS14,VR,Virtual and Augmented Reality (VR/AR),BID42,C
1MS23CS9503,1,MCS16,IoT,"Designing the Internet of Things, Wiley",BID62,S
1MS23CS3535,1,MCS13,RMI,Engineering Research Methodology,BID31,C
1MS23CS9833,1,MCS11,Advanced Mathematics,Linear Algebra with Applications,BID13,S
1MS23CS3909,1,MCS12,ADBMS,Fundamentals of Database Systems,BID21,D
1MS23CS2964,1,MCS12,ADBMS,Database System Concepts,BID22,B
1MS23CS6808,1,MCS16,IoT,Internet of Things,BID61,A
1MS23CS8661,1,MCS12,ADBMS,Fundamentals of Database Systems,BID21,D
1MS23CS6635,1,MCS13,RMI,Engineering Research Methodology,BID31,S
1MS23CS2904,1,MCS13,RMI,Engineering Research Methodology,BID31,C
1MS23CS2508,1,MCS12,ADBMS,Database System Concepts,BID22,C
1MS23CS6318,1,MCS14,VR,Virtual and Augmented Reality (VR/AR),BID42,A
1MS23CS5743,1,MCS13,RMI,Research Methods for Engineers,BID32,S
1MS23CS9300,1,MCS11,Advanced Mathematics,Advanced Engineering Mathematics,BID14,D
1MS23CS4962,1,MCS15,AIML,Artificial Intelligence - A Modern Approach,BID51,A
1MS23CS9482,1,MCS12,ADBMS,NoSQL for Mere Mortals,BID23,B
1MS23CS9440,1,MCS15,AIML,Machine Learning,BID52,B
1MS23CS4697,1,MCS14,VR,Virtual Reality,BID41,D
1MS23CS737,1,MCS14,VR,Virtual Reality,BID41,S
1MS23CS731,1,MCS15,AIML,Artificial Intelligence - A Modern Approach,BID51,A
1MS23CS2590,1,MCS12,ADBMS,NoSQL for Mere Mortals,BID23,S
1MS23CS8286,1,MCS13,RMI,Engineering Research Methodology,BID31,B
1MS23CS9384,1,MCS14,VR,Virtual Reality,BID41,S
1MS23CS3029,1,MCS11,Advanced Mathematics,"Probability & Statistics with Reliability, Queuing and Computer Science Applications",BID12,B
1MS23CS4937,1,MCS12,ADBMS,Fundamentals of Database Systems,BID21,A
1MS23CS7141,1,MCS16,IoT,Internet of Things,BID61,A
1MS23CS2590,1,MCS13,RMI,Engineering Research Methodology,BID31,A
1MS23CS2667,1,MCS13,RMI,Research Methods for Engineers,BID32,A
1MS23CS6683,1,MCS14,VR,Virtual Reality,BID41,C
1MS23CS7430,1,MCS13,RMI,Research Methods for Engineers,BID32,D
1MS23CS8021,1,MCS13,RMI,Engineering Research Methodology,BID31,D
1MS23CS3924,1,MCS15,AIML,Artificial Intelligence - A Modern Approach,BID51,D
1MS23CS2325,1,MCS14,VR,Virtual and Augmented Reality (VR/AR),BID42,A
1MS23CS1112,1,MCS15,AIML,Machine Learning,BID52,S
1MS23CS7193,1,MCS11,Advanced Mathematics,Linear Algebra with Applications,BID13,A
1MS23CS5788,1,MCS15,AIML,Machine Learning,BID52,A
1MS23CS7501,1,MCS15,AIML,Machine Learning,BID52,A
1MS23CS4569,1,MCS15,AIML,Artificial Intelligence - A Modern Approach,BID51,S
1MS23CS302,1,MCS16,IoT,"Designing the Internet of Things, Wiley",BID62,A
1MS23CS5391,1,MCS14,VR,Virtual Reality,BID41,C
1MS23CS3273,1,MCS13,RMI,Research Methods for Engineers,BID32,S
1MS23CS2258,1,MCS14,VR,Virtual and Augmented Reality (VR/AR),BID42,S
1MS23CS2845,1,MCS14,VR,Virtual Reality,BID41,D
1MS23CS4038,1,MCS16,IoT,Internet of Things,BID61,B
1MS23CS8475,1,MCS11,Advanced Mathematics,Advanced Engineering Mathematics,BID14,A
1MS23CS9597,1,MCS14,VR,Virtual and Augmented Reality (VR/AR),BID42,B
1MS23CS2557,1,MCS14,VR,Virtual Reality,BID41,B
1MS23CS6130,1,MCS12,ADBMS,NoSQL for Mere Mortals,BID23,D
1MS23CS8757,1,MCS16,IoT,"Designing the Internet of Things, Wiley",BID62,C
1MS23CS4975,1,MCS11,Advanced Mathematics,Advanced Engineering Mathematics,BID14,C
1MS23CS5539,1,MCS16,IoT,Internet of Things,BID61,S
1MS23CS2387,1,MCS13,RMI,Engineering Research Methodology,BID31,C
1MS23CS1283,1,MCS11,Advanced Mathematics,Probability and Statistics,BID11,C
1MS23CS3601,1,MCS15,AIML,Artificial Intelligence - A Modern Approach,BID51,C
1MS23CS8050,1,MCS13,RMI,Research Methods for Engineers,BID32,D
1MS23CS1523,1,MCS13,RMI,Engineering Research Methodology,BID31,S
1MS23CS572,1,MCS14,VR,Virtual and Augmented Reality (VR/AR),BID42,A
1MS23CS1223,1,MCS12,ADBMS,NoSQL for Mere Mortals,BID23,S
1MS23CS5701,1,MCS15,AIML,Machine Learning,BID52,D
1MS23CS835,1,MCS15,AIML,Machine Learning,BID52,D
1MS23CS972,1,MCS11,Advanced Mathematics,Linear Algebra with Applications,BID13,C
1MS23CS152,1,MCS16,IoT,"Designing the Internet of Things, Wiley",BID62,D
1MS23CS2481,1,MCS11,Advanced Mathematics,Linear Algebra with Applications,BID13,A
1MS23CS3031,1,MCS11,Advanced Mathematics,Probability and Statistics,BID11,A
1MS23CS2717,1,MCS12,ADBMS,NoSQL for Mere Mortals,BID23,B
1MS23CS8402,1,MCS14,VR,Virtual Reality,BID41,B
1MS23CS7555,1,MCS11,Advanced Mathematics,Probability and Statistics,BID11,S
1MS23CS7586,1,MCS13,RMI,Engineering Research Methodology,BID31,A
1MS23CS6872,1,MCS15,AIML,Artificial Intelligence - A Modern Approach,BID51,S
1MS23CS8662,1,MCS16,IoT,"Designing the Internet of Things, Wiley",BID62,D
1MS23CS9219,1,MCS14,VR,Virtual Reality,BID41,D
1MS23CS8435,1,MCS15,AIML,Machine Learning,BID52,C
1MS23CS5463,1,MCS13,RMI,Research Methods for Engineers,BID32,B
1MS23CS8233,1,MCS14,VR,Virtual Reality,BID41,A
1MS23CS9593,1,MCS13,RMI,Engineering Research Methodology,BID31,C
1MS23CS2919,1,MCS12,ADBMS,Database System Concepts,BID22,C
1MS23CS7389,1,MCS11,Advanced Mathematics,Linear Algebra with Applications,BID13,C
1MS23CS3555,1,MCS14,VR,Virtual Reality,BID41,D
1MS23CS2861,1,MCS13,RMI,Engineering Research Methodology,BID31,B
1MS23CS2909,1,MCS12,ADBMS,Database System Concepts,BID22,B
1MS23CS199,1,MCS16,IoT,"Designing the Internet of Things, Wiley",BID62,S
1MS23CS2090,1,MCS11,Advanced Mathematics,Linear Algebra with Applications,BID13,S
1MS23CS417,1,MCS15,AIML,Machine Learning,BID52,B
1MS23CS8091,1,MCS13,RMI,Engineering Research Methodology,BID31,B
1MS23CS100,1,MCS15,AIML,Machine Learning,BID52,B
1MS23CS1490,1,MCS15,AIML,Artificial Intelligence - A Modern Approach,BID51,C
1MS23CS2284,1,MCS14,VR,Virtual Reality,BID41,S
1MS23CS9940,1,MCS13,RMI,Engineering Research Methodology,BID31,D
1MS23CS4745,1,MCS12,ADBMS,NoSQL for Mere Mortals,BID23,C
1MS23CS7485,1,MCS16,IoT,Internet of Things,BID61,D
1MS23CS643,1,MCS13,RMI,Research Methods for Engineers,BID32,S
1MS23CS1434,1,MCS13,RMI,Research Methods for Engineers,BID32,S
1MS23CS7281,1,MCS11,Advanced Mathematics,Advanced Engineering Mathematics,BID14,A
1MS23CS9043,1,MCS13,RMI,Engineering Research Methodology,BID31,C
1MS23CS3582,1,MCS16,IoT,"Designing the Internet of Things, Wiley",BID62,A
1MS23CS1142,1,MCS16,IoT,"Designing the Internet of Things, Wiley",BID62,S
1MS23CS411,1,MCS12,ADBMS,Fundamentals of Database Systems,BID21,S
1MS23CS851,1,MCS13,RMI,Research Methods for Engineers,BID32,C
1MS23CS3862,1,MCS16,IoT,"Designing the Internet of Things, Wiley",BID62,S
1MS23CS3958,1,MCS13,RMI,Engineering Research Methodology,BID31,B
1MS23CS213,1,MCS14,VR,Virtual Reality,BID41,S
1MS23CS3510,1,MCS12,ADBMS,Database System Concepts,BID22,A
1MS23CS3678,1,MCS14,VR,Virtual Reality,BID41,A
1MS23CS9380,1,MCS11,Advanced Mathematics,"Probability & Statistics with Reliability, Queuing and Computer Science Applications",BID12,A
1MS23CS9813,1,MCS15,AIML,Artificial Intelligence - A Modern Approach,BID51,S
1MS23CS6411,1,MCS16,IoT,Internet of Things,BID61,D
1MS23CS8444,1,MCS11,Advanced Mathematics,Linear Algebra with Applications,BID13,S
1MS23CS566,1,MCS11,Advanced Mathematics,Linear Algebra with Applications,BID13,C
1MS23CS6431,1,MCS12,ADBMS,Database System Concepts,BID22,D
1MS23CS5233,1,MCS12,ADBMS,NoSQL for Mere Mortals,BID23,D
1MS23CS9385,1,MCS13,RMI,Research Methods for Engineers,BID32,B
1MS23CS2773,1,MCS13,RMI,Research Methods for Engineers,BID32,A
1MS23CS3818,1,MCS12,ADBMS,Database System Concepts,BID22,S
1MS23CS6546,1,MCS14,VR,Virtual Reality,BID41,A
1MS23CS296,1,MCS14,VR,Virtual and Augmented Reality (VR/AR),BID42,B
1MS23CS3629,1,MCS16,IoT,"Designing the Internet of Things, Wiley",BID62,D
1MS23CS9115,1,MCS14,VR,Virtual Reality,BID41,B
1MS23CS810,1,MCS14,VR,Virtual and Augmented Reality (VR/AR),BID42,D
1MS23CS5154,1,MCS11,Advanced Mathematics,Linear Algebra with Applications,BID13,C
1MS23CS3952,1,MCS12,ADBMS,Fundamentals of Database Systems,BID21,B
1MS23CS3879,1,MCS11,Advanced Mathematics,Linear Algebra with Applications,BID13,B
1MS23CS6423,1,MCS12,ADBMS,Fundamentals of Database Systems,BID21,S
1MS23CS3044,1,MCS11,Advanced Mathematics,Advanced Engineering Mathematics,BID14,A
1MS23CS619,1,MCS15,AIML,Artificial Intelligence - A Modern Approach,BID51,B
1MS23CS3376,1,MCS11,Advanced Mathematics,Probability and Statistics,BID11,S
1MS23CS1686,1,MCS12,ADBMS,NoSQL for Mere Mortals,BID23,D
1MS23CS6996,1,MCS16,IoT,"Designing the Internet of Things, Wiley",BID62,D
1MS23CS2582,1,MCS11,Advanced Mathematics,Advanced Engineering Mathematics,BID14,C
1MS23CS2290,1,MCS12,ADBMS,NoSQL for Mere Mortals,BID23,D
1MS23CS8853,1,MCS15,AIML,Artificial Intelligence - A Modern Approach,BID51,A
1MS23CS9880,1,MCS15,AIML,Machine Learning,BID52,A
1MS23CS7996,1,MCS11,Advanced Mathematics,"Probability & Statistics with Reliability, Queuing and Computer Science Applications",BID12,B
1MS23CS5449,1,MCS15,AIML,Machine Learning,BID52,B
1MS23CS1905,1,MCS16,IoT,Internet of Things,BID61,B
1MS23CS7606,1,MCS11,Advanced Mathematics,"Probability & Statistics with Reliability, Queuing and Computer Science Applications",BID12,S
1MS23CS942,1,MCS12,ADBMS,Fundamentals of Database Systems,BID21,D
1MS23CS8213,1,MCS11,Advanced Mathematics,Advanced Engineering Mathematics,BID14,A
1MS23CS5699,1,MCS16,IoT,Internet of Things,BID61,B
1MS23CS9860,1,MCS14,VR,Virtual Reality,BID41,C
1MS23CS5797,1,MCS16,IoT,"Designing the Internet of Things, Wiley",BID62,S
1MS23CS820,1,MCS11,Advanced Mathematics,Linear Algebra with Applications,BID13,D
1MS23CS8073,1,MCS13,RMI,Engineering Research Methodology,BID31,S
1MS23CS2539,1,MCS11,Advanced Mathematics,Probability and Statistics,BID11,A
1MS23CS9790,1,MCS11,Advanced Mathematics,Linear Algebra with Applications,BID13,D
1MS23CS2043,1,MCS14,VR,Virtual and Augmented Reality (VR/AR),BID42,A
1MS23CS3688,1,MCS16,IoT,Internet of Things,BID61,B
1MS23CS285,1,MCS14,VR,Virtual Reality,BID41,C
1MS23CS7574,1,MCS16,IoT,"Designing the Internet of Things, Wiley",BID62,D
1MS23CS322,1,MCS16,IoT,Internet of Things,BID61,S
1MS23CS2357,1,MCS12,ADBMS,Fundamentals of Database Systems,BID21,D
1MS23CS3651,1,MCS16,IoT,"Designing the Internet of Things, Wiley",BID62,B
1MS23CS3282,1,MCS12,ADBMS,Fundamentals of Database Systems,BID21,A
1MS23CS3134,1,MCS15,AIML,Machine Learning,BID52,C
1MS23CS1640,1,MCS15,AIML,Artificial Intelligence - A Modern Approach,BID51,C
1MS23CS758,1,MCS12,ADBMS,Database System Concepts,BID22,C
1MS23CS5951,1,MCS15,AIML,Artificial Intelligence - A Modern Approach,BID51,D
1MS23CS8953,1,MCS16,IoT,"Designing the Internet of Things, Wiley",BID62,A
1MS23CS9465,1,MCS11,Advanced Mathematics,Probability and Statistics,BID11,S
1MS23CS8494,1,MCS16,IoT,"Designing the Internet of Things, Wiley",BID62,D
1MS23CS6069,1,MCS11,Advanced Mathematics,Probability and Statistics,BID11,S
1MS23CS8039,1,MCS16,IoT,"Designing the Internet of Things, Wiley",BID62,S
1MS23CS1970,1,MCS16,IoT,"Designing the Internet of Things, Wiley",BID62,D
1MS23CS6734,1,MCS12,ADBMS,NoSQL for Mere Mortals,BID23,B
1MS23CS4462,1,MCS11,Advanced Mathematics,Advanced Engineering Mathematics,BID14,S
1MS23CS6684,1,MCS14,VR,Virtual Reality,BID41,C
1MS23CS2742,1,MCS13,RMI,Engineering Research Methodology,BID31,B
1MS23CS8699,1,MCS13,RMI,Engineering Research Methodology,BID31,S
1MS23CS1569,1,MCS14,VR,Virtual Reality,BID41,S
1MS23CS8198,1,MCS15,AIML,Artificial Intelligence - A Modern Approach,BID51,A
1MS23CS2275,1,MCS14,VR,Virtual and Augmented Reality (VR/AR),BID42,B
1MS23CS8367,1,MCS14,VR,Virtual and Augmented Reality (VR/AR),BID42,D
1MS23CS4476,1,MCS11,Advanced Mathematics,Probability and Statistics,BID11,A
1MS23CS1670,1,MCS11,Advanced Mathematics,"Probability & Statistics with Reliability, Queuing and Computer Science Applications",BID12,B
1MS23CS6741,1,MCS13,RMI,Engineering Research Methodology,BID31,B
1MS23CS6022,1,MCS11,Advanced Mathematics,Advanced Engineering Mathematics,BID14,S
1MS23CS5897,1,MCS12,ADBMS,NoSQL for Mere Mortals,BID23,A
1MS23CS2614,1,MCS12,ADBMS,NoSQL for Mere Mortals,BID23,C
1MS23CS113,1,MCS16,IoT,Internet of Things,BID61,D
1MS23CS609,1,MCS15,AIML,Artificial Intelligence - A Modern Approach,BID51,B
1MS23CS8946,1,MCS16,IoT,"Designing the Internet of Things, Wiley",BID62,D
1MS23CS659,1,MCS14,VR,Virtual Reality,BID41,S
1MS23CS347,1,MCS14,VR,Virtual and Augmented Reality (VR/AR),BID42,A
1MS23CS5811,1,MCS11,Advanced Mathematics,"Probability & Statistics with Reliability, Queuing and Computer Science Applications",BID12,A
1MS23CS4382,1,MCS11,Advanced Mathematics,Advanced Engineering Mathematics,BID14,B
1MS23CS1999,1,MCS12,ADBMS,Fundamentals of Database Systems,BID21,C
1MS23CS5708,1,MCS11,Advanced Mathematics,Advanced Engineering Mathematics,BID14,C
1MS23CS9367,1,MCS15,AIML,Artificial Intelligence - A Modern Approach,BID51,C
1MS23CS9580,1,MCS13,RMI,Research Methods for Engineers,BID32,B
1MS23CS8887,1,MCS13,RMI,Research Methods for Engineers,BID32,D
1MS23CS460,1,MCS12,ADBMS,Fundamentals of Database Systems,BID21,C
1MS23CS3439,1,MCS15,AIML,Machine Learning,BID52,D
1MS23CS8577,1,MCS11,Advanced Mathematics,Probability and Statistics,BID11,S
1MS23CS6569,1,MCS13,RMI,Research Methods for Engineers,BID32,D
1MS23CS1620,1,MCS13,RMI,Engineering Research Methodology,BID31,S
1MS23CS8999,1,MCS11,Advanced Mathematics,Advanced Engineering Mathematics,BID14,S
1MS23CS2487,1,MCS11,Advanced Mathematics,Advanced Engineering Mathematics,BID14,D
1MS23CS3044,1,MCS15,AIML,Machine Learning,BID52,S
1MS23CS5109,1,MCS11,Advanced Mathematics,Advanced Engineering Mathematics,BID14,B
1MS23CS6682,1,MCS11,Advanced Mathematics,Probability and Statistics,BID11,A
1MS23CS492,1,MCS12,ADBMS,Database System Concepts,BID22,D
1MS23CS5047,1,MCS12,ADBMS,Fundamentals of Database Systems,BID21,B
1MS23CS67,1,MCS11,Advanced Mathematics,Advanced Engineering Mathematics,BID14,B
1MS23CS5521,1,MCS13,RMI,Engineering Research Methodology,BID31,B
1MS23CS4396,1,MCS15,AIML,Artificial Intelligence - A Modern Approach,BID51,B
1MS23CS3140,1,MCS11,Advanced Mathematics,"Probability & Statistics with Reliability, Queuing and Computer Science Applications",BID12,B
1MS23CS6832,1,MCS14,VR,Virtual and Augmented Reality (VR/AR),BID42,S
1MS23CS3547,1,MCS15,AIML,Artificial Intelligence - A Modern Approach,BID51,C
1MS23CS7166,1,MCS16,IoT,"Designing the Internet of Things, Wiley",BID62,A
1MS23CS3016,1,MCS16,IoT,Internet of Things,BID61,A
1MS23CS8799,1,MCS13,RMI,Engineering Research Methodology,BID31,D
1MS23CS8238,1,MCS13,RMI,Research Methods for Engineers,BID32,S
1MS23CS6050,1,MCS15,AIML,Machine Learning,BID52,S
1MS23CS5363,1,MCS12,ADBMS,Fundamentals of Database Systems,BID21,S
1MS23CS7349,1,MCS15,AIML,Artificial Intelligence - A Modern Approach,BID51,B
1MS23CS6601,1,MCS14,VR,Virtual and Augmented Reality (VR/AR),BID42,S
1MS23CS2953,1,MCS12,ADBMS,Database System Concepts,BID22,D
1MS23CS8325,1,MCS15,AIML,Artificial Intelligence - A Modern Approach,BID51,D
1MS23CS2712,1,MCS13,RMI,Research Methods for Engineers,BID32,C
1MS23CS9071,1,MCS13,RMI,Engineering Research Methodology,BID31,C
1MS23CS2918,1,MCS11,Advanced Mathematics,Probability and Statistics,BID11,D
1MS23CS6558,1,MCS16,IoT,Internet of Things,BID61,A
1MS23CS4962,1,MCS14,VR,Virtual Reality,BID41,B
1MS23CS5499,1,MCS13,RMI,Engineering Research Methodology,BID31,A
1MS23CS5463,1,MCS15,AIML,Artificial Intelligence - A Modern Approach,BID51,D
1MS23CS8103,1,MCS16,IoT,"Designing the Internet of Things, Wiley",BID62,C
1MS23CS7534,1,MCS13,RMI,Research Methods for Engineers,BID32,B
1MS23CS3403,1,MCS13,RMI,Engineering Research Methodology,BID31,C
1MS23CS1899,1,MCS12,ADBMS,Database System Concepts,BID22,D
1MS23CS6534,1,MCS15,AIML,Artificial Intelligence - A Modern Approach,BID51,A
1MS23CS5618,1,MCS16,IoT,"Designing the Internet of Things, Wiley",BID62,C
1MS23CS7624,1,MCS12,ADBMS,Database System Concepts,BID22,S
1MS23CS8171,1,MCS16,IoT,Internet of Things,BID61,D
1MS23CS5741,1,MCS15,AIML,Artificial Intelligence - A Modern Approach,BID51,A
1MS23CS663,1,MCS15,AIML,Machine Learning,BID52,B
1MS23CS2737,1,MCS11,Advanced Mathematics,"Probability & Statistics with Reliability, Queuing and Computer Science Applications",BID12,S
1MS23CS1273,1,MCS13,RMI,Research Methods for Engineers,BID32,B
1MS23CS3255,1,MCS13,RMI,Research Methods for Engineers,BID32,D
1MS23CS3469,1,MCS16,IoT,"Designing the Internet of Things, Wiley",BID62,A
1MS23CS2816,1,MCS16,IoT,Internet of Things,BID61,B
1MS23CS7122,1,MCS16,IoT,Internet of Things,BID61,A
1MS23CS3387,1,MCS16,IoT,Internet of Things,BID61,C
1MS23CS4278,1,MCS13,RMI,Engineering Research Methodology,BID31,S
1MS23CS4924,1,MCS14,VR,Virtual and Augmented Reality (VR/AR),BID42,B
1MS23CS6563,1,MCS11,Advanced Mathematics,"Probability & Statistics with Reliability, Queuing and Computer Science Applications",BID12,B
1MS23CS7285,1,MCS16,IoT,Internet of Things,BID61,A
1MS23CS1523,1,MCS16,IoT,"Designing the Internet of Things, Wiley",BID62,A
1MS23CS4152,1,MCS11,Advanced Mathematics,Advanced Engineering Mathematics,BID14,D
1MS23CS5846,1,MCS11,Advanced Mathematics,Linear Algebra with Applications,BID13,B
1MS23CS567,1,MCS15,AIML,Machine Learning,BID52,A
1MS23CS2525,1,MCS11,Advanced Mathematics,"Probability & Statistics with Reliability, Queuing and Computer Science Applications",BID12,A
1MS23CS8355,1,MCS14,VR,Virtual Reality,BID41,D
1MS23CS3986,1,MCS12,ADBMS,NoSQL for Mere Mortals,BID23,A
1MS23CS890,1,MCS15,AIML,Artificial Intelligence - A Modern Approach,BID51,S
1MS23CS2394,1,MCS12,ADBMS,NoSQL for Mere Mortals,BID23,S
1MS23CS8772,1,MCS15,AIML,Machine Learning,BID52,D
1MS23CS796,1,MCS12,ADBMS,Database System Concepts,BID22,S
1MS23CS7921,1,MCS16,IoT,Internet of Things,BID61,C
1MS23CS7356,1,MCS11,Advanced Mathematics,Probability and Statistics,BID11,C
1MS23CS7506,1,MCS12,ADBMS,Database System Concepts,BID22,C
1MS23CS379,1,MCS15,AIML,Machine Learning,BID52,S
1MS23CS177,1,MCS14,VR,Virtual and Augmented Reality (VR/AR),BID42,A
1MS23CS5950,1,MCS14,VR,Virtual and Augmented Reality (VR/AR),BID42,B
1MS23CS6943,1,MCS14,VR,Virtual Reality,BID41,C
1MS23CS5579,1,MCS12,ADBMS,Database System Concepts,BID22,C
1MS23CS3427,1,MCS12,ADBMS,NoSQL for Mere Mortals,BID23,B
1MS23CS4228,1,MCS16,IoT,Internet of Things,BID61,D
1MS23CS1770,1,MCS13,RMI,Research Methods for Engineers,BID32,A
1MS23CS8299,1,MCS13,RMI,Engineering Research Methodology,BID31,C
1MS23CS9475,1,MCS16,IoT,"Designing the Internet of Things, Wiley",BID62,A
1MS23CS4342,1,MCS14,VR,Virtual Reality,BID41,D
1MS23CS9016,1,MCS16,IoT,Internet of Things,BID61,S
1MS23CS6190,1,MCS11,Advanced Mathematics,Probability and Statistics,BID11,C
1MS23CS8242,1,MCS11,Advanced Mathematics,"Probability & Statistics with Reliability, Queuing and Computer Science Applications",BID12,D
1MS23CS6397,1,MCS11,Advanced Mathematics,Linear Algebra with Applications,BID13,B
1MS23CS380,1,MCS12,ADBMS,NoSQL for Mere Mortals,BID23,B
1MS23CS602,1,MCS16,IoT,Internet of Things,BID61,B
1MS23CS1586,1,MCS12,ADBMS,Fundamentals of Database Systems,BID21,C
1MS23CS3290,1,MCS14,VR,Virtual and Augmented Reality (VR/AR),BID42,A
1MS23CS417,1,MCS11,Advanced Mathematics,Probability and Statistics,BID11,A
1MS23CS1892,1,MCS16,IoT,Internet of Things,BID61,B
1MS23CS344,1,MCS14,VR,Virtual Reality,BID41,D
1MS23CS5835,1,MCS16,IoT,Internet of Things,BID61,A
1MS23CS9421,1,MCS14,VR,Virtual Reality,BID41,S
1MS23CS3710,1,MCS15,AIML,Machine Learning,BID52,D
1MS23CS350,1,MCS12,ADBMS,Fundamentals of Database Systems,BID21,C
1MS23CS9409,1,MCS16,IoT,"Designing the Internet of Things, Wiley",BID62,D
1MS23CS2398,1,MCS11,Advanced Mathematics,Probability and Statistics,BID11,B
1MS23CS8071,1,MCS14,VR,Virtual Reality,BID41,A
1MS23CS795,1,MCS12,ADBMS,NoSQL for Mere Mortals,BID23,S
1MS23CS8005,1,MCS12,ADBMS,Database System Concepts,BID22,C
1MS23CS5134,1,MCS14,VR,Virtual and Augmented Reality (VR/AR),BID42,D
1MS23CS9393,1,MCS11,Advanced Mathematics,Linear Algebra with Applications,BID13,D
1MS23CS8802,1,MCS13,RMI,Research Methods for Engineers,BID32,C
1MS23CS1589,1,MCS15,AIML,Artificial Intelligence - A Modern Approach,BID51,S
1MS23CS9440,1,MCS13,RMI,Research Methods for Engineers,BID32,C
1MS23CS1053,1,MCS11,Advanced Mathematics,Probability and Statistics,BID11,C
1MS23CS5209,1,MCS15,AIML,Machine Learning,BID52,B
1MS23CS553,1,MCS13,RMI,Engineering Research Methodology,BID31,D
1MS23CS7213,1,MCS14,VR,Virtual and Augmented Reality (VR/AR),BID42,D
1MS23CS5293,1,MCS12,ADBMS,Database System Concepts,BID22,D
1MS23CS6017,1,MCS16,IoT,"Designing the Internet of Things, Wiley",BID62,D
1MS23CS4268,1,MCS15,AIML,Artificial Intelligence - A Modern Approach,BID51,C
1MS23CS2626,1,MCS12,ADBMS,NoSQL for Mere Mortals,BID23,C
1MS23CS3046,1,MCS15,AIML,Artificial Intelligence - A Modern Approach,BID51,C
1MS23CS4191,1,MCS14,VR,Virtual and Augmented Reality (VR/AR),BID42,B
1MS23CS197,1,MCS13,RMI,Engineering Research Methodology,BID31,A
1MS23CS2955,1,MCS16,IoT,"Designing the Internet of Things, Wiley",BID62,B
1MS23CS415,1,MCS11,Advanced Mathematics,"Probability & Statistics with Reliability, Queuing and Computer Science Applications",BID12,D
1MS23CS5877,1,MCS14,VR,Virtual Reality,BID41,S
1MS23CS2111,1,MCS11,Advanced Mathematics,"Probability & Statistics with Reliability, Queuing and Computer Science Applications",BID12,A
1MS23CS5867,1,MCS14,VR,Virtual and Augmented Reality (VR/AR),BID42,A
1MS23CS1955,1,MCS13,RMI,Research Methods for Engineers,BID32,C
1MS23CS9256,1,MCS14,VR,Virtual Reality,BID41,D
1MS23CS9719,1,MCS14,VR,Virtual and Augmented Reality (VR/AR),BID42,D
1MS23CS3301,1,MCS11,Advanced Mathematics,Probability and Statistics,BID11,D
1MS23CS9016,1,MCS14,VR,Virtual and Augmented Reality (VR/AR),BID42,S
1MS23CS3235,1,MCS11,Advanced Mathematics,Linear Algebra with Applications,BID13,B
1MS23CS6792,1,MCS16,IoT,Internet of Things,BID61,C
1MS23CS1552,1,MCS14,VR,Virtual Reality,BID41,A
1MS23CS3531,1,MCS14,VR,Virtual and Augmented Reality (VR/AR),BID42,D
1MS23CS6960,1,MCS15,AIML,Machine Learning,BID52,D
1MS23CS4127,1,MCS14,VR,Virtual and Augmented Reality (VR/AR),BID42,C
1MS23CS4416,1,MCS12,ADBMS,NoSQL for Mere Mortals,BID23,D
1MS23CS5586,1,MCS12,ADBMS,Database System Concepts,BID22,D
1MS23CS1804,1,MCS15,AIML,Machine Learning,BID52,D
1MS23CS3657,1,MCS14,VR,Virtual Reality,BID41,C
1MS23CS8604,1,MCS13,RMI,Research Methods for Engineers,BID32,S
1MS23CS4074,1,MCS13,RMI,Research Methods for Engineers,BID32,B
1MS23CS1078,1,MCS11,Advanced Mathematics,Advanced Engineering Mathematics,BID14,D
1MS23CS7423,1,MCS13,RMI,Research Methods for Engineers,BID32,A
1MS23CS9011,1,MCS16,IoT,Internet of Things,BID61,A
1MS23CS816,1,MCS14,VR,Virtual and Augmented Reality (VR/AR),BID42,S
1MS23CS6222,1,MCS11,Advanced Mathematics,Probability and Statistics,BID11,C
1MS23CS1491,1,MCS12,ADBMS,NoSQL for Mere Mortals,BID23,S
1MS23CS8341,1,MCS11,Advanced Mathematics,Linear Algebra with Applications,BID13,A
1MS23CS4428,1,MCS12,ADBMS,Database System Concepts,BID22,B
1MS23CS9393,1,MCS11,Advanced Mathematics,Probability and Statistics,BID11,D
1MS23CS8163,1,MCS16,IoT,Internet of Things,BID61,B
1MS23CS7400,1,MCS11,Advanced Mathematics,Probability and Statistics,BID11,C
1MS23CS2700,1,MCS12,ADBMS,Database System Concepts,BID22,A
1MS23CS7933,1,MCS13,RMI,Research Methods for Engineers,BID32,S
1MS23CS4298,1,MCS15,AIML,Artificial Intelligence - A Modern Approach,BID51,B
1MS23CS1226,1,MCS13,RMI,Research Methods for Engineers,BID32,A
1MS23CS588,1,MCS11,Advanced Mathematics,Probability and Statistics,BID11,A
1MS23CS557,1,MCS12,ADBMS,NoSQL for Mere Mortals,BID23,D
1MS23CS6619,1,MCS14,VR,Virtual Reality,BID41,C
1MS23CS9287,1,MCS15,AIML,Machine Learning,BID52,D
1MS23CS5581,1,MCS12,ADBMS,Database System Concepts,BID22,B
1MS23CS506,1,MCS16,IoT,"Designing the Internet of Things, Wiley",BID62,D
1MS23CS8002,1,MCS16,IoT,Internet of Things,BID61,A
1MS23CS1255,1,MCS16,IoT,Internet of Things,BID61,B
1MS23CS1182,1,MCS13,RMI,Research Methods for Engineers,BID32,S
1MS23CS2383,1,MCS16,IoT,"Designing the Internet of Things, Wiley",BID62,D
1MS23CS2970,1,MCS15,AIML,Machine Learning,BID52,A
1MS23CS5321,1,MCS13,RMI,Engineering Research Methodology,BID31,A
1MS23CS8883,1,MCS12,ADBMS,Database System Concepts,BID22,C
1MS23CS6301,1,MCS15,AIML,Artificial Intelligence - A Modern Approach,BID51,D
1MS23CS8786,1,MCS16,IoT,"Designing the Internet of Things, Wiley",BID62,B
1MS23CS3320,1,MCS13,RMI,Engineering Research Methodology,BID31,B
1MS23CS9427,1,MCS13,RMI,Research Methods for Engineers,BID32,A
1MS23CS6075,1,MCS14,VR,Virtual and Augmented Reality (VR/AR),BID42,A
1MS23CS2160,1,MCS16,IoT,"Designing the Internet of Things, Wiley",BID62,C
1MS23CS8574,1,MCS11,Advanced Mathematics,Advanced Engineering Mathematics,BID14,D
1MS23CS9223,1,MCS13,RMI,Research Methods for Engineers,BID32,D
1MS23CS6095,1,MCS14,VR,Virtual and Augmented Reality (VR/AR),BID42,A
1MS23CS5551,1,MCS14,VR,Virtual and Augmented Reality (VR/AR),BID42,S
1MS23CS5096,1,MCS12,ADBMS,Fundamentals of Database Systems,BID21,D
1MS23CS4770,1,MCS13,RMI,Engineering Research Methodology,BID31,B
1MS23CS8802,1,MCS13,RMI,Research Methods for Engineers,BID32,A
1MS23CS66,1,MCS15,AIML,Machine Learning,BID52,C
1MS23CS5339,1,MCS13,RMI,Research Methods for Engineers,BID32,A
1MS23CS6772,1,MCS16,IoT,"Designing the Internet of Things, Wiley",BID62,A
1MS23CS4865,1,MCS11,Advanced Mathematics,Linear Algebra with Applications,BID13,D
1MS23CS8841,1,MCS11,Advanced Mathematics,Linear Algebra with Applications,BID13,S
1MS23CS5847,1,MCS15,AIML,Machine Learning,BID52,B
1MS23CS4604,1,MCS14,VR,Virtual Reality,BID41,S
1MS23CS1720,1,MCS14,VR,Virtual and Augmented Reality (VR/AR),BID42,S
1MS23CS706,1,MCS13,RMI,Research Methods for Engineers,BID32,D
1MS23CS9774,1,MCS11,Advanced Mathematics,Linear Algebra with Applications,BID13,D
1MS23CS7571,1,MCS12,ADBMS,Fundamentals of Database Systems,BID21,D
1MS23CS3097,1,MCS15,AIML,Artificial Intelligence - A Modern Approach,BID51,D
1MS23CS3812,1,MCS11,Advanced Mathematics,Probability and Statistics,BID11,B
1MS23CS9007,1,MCS12,ADBMS,Database System Concepts,BID22,A
1MS23CS6974,1,MCS12,ADBMS,NoSQL for Mere Mortals,BID23,C
1MS23CS7649,1,MCS15,AIML,Artificial Intelligence - A Modern Approach,BID51,B
1MS23CS4319,1,MCS13,RMI,Research Methods for Engineers,BID32,S
1MS23CS2474,1,MCS14,VR,Virtual Reality,BID41,C
1MS23CS3427,1,MCS12,ADBMS,Fundamentals of Database Systems,BID21,D
1MS23CS3123,1,MCS11,Advanced Mathematics,Probability and Statistics,BID11,B
1MS23CS3930,1,MCS15,AIML,Machine Learning,BID52,D
1MS23CS8292,1,MCS11,Advanced Mathematics,Advanced Engineering Mathematics,BID14,C
1MS23CS2473,1,MCS15,AIML,Machine Learning,BID52,A
1MS23CS1294,1,MCS14,VR,Virtual Reality,BID41,D
1MS23CS7586,1,MCS11,Advanced Mathematics,Advanced Engineering Mathematics,BID14,A
1MS23CS3764,1,MCS15,AIML,Machine Learning,BID52,B
1MS23CS4700,1,MCS14,VR,Virtual and Augmented Reality (VR/AR),BID42,D
1MS23CS3340,1,MCS11,Advanced Mathematics,Linear Algebra with Applications,BID13,S
1MS23CS913,1,MCS16,IoT,Internet of Things,BID61,A
1MS23CS3817,1,MCS16,IoT,Internet of Things,BID61,D
1MS23CS3215,1,MCS15,AIML,Machine Learning,BID52,A
1MS23CS7484,1,MCS16,IoT,"Designing the Internet of Things, Wiley",BID62,C
1MS23CS1153,1,MCS14,VR,Virtual and Augmented Reality (VR/AR),BID42,B
1MS23CS2849,1,MCS15,AIML,Artificial Intelligence - A Modern Approach,BID51,A
1MS23CS2822,1,MCS11,Advanced Mathematics,"Probability & Statistics with Reliability, Queuing and Computer Science Applications",BID12,A
1MS23CS2084,1,MCS14,VR,Virtual Reality,BID41,S
1MS23CS8358,1,MCS14,VR,Virtual and Augmented Reality (VR/AR),BID42,C
1MS23CS3058,1,MCS15,AIML,Artificial Intelligence - A Modern Approach,BID51,C
1MS23CS4292,1,MCS14,VR,Virtual and Augmented Reality (VR/AR),BID42,B
1MS23CS271,1,MCS11,Advanced Mathematics,Probability and Statistics,BID11,A
1MS23CS7960,1,MCS15,AIML,Machine Learning,BID52,A
1MS23CS940,1,MCS11,Advanced Mathematics,"Probability & Statistics with Reliability, Queuing and Computer Science Applications",BID12,A
1MS23CS4273,1,MCS14,VR,Virtual Reality,BID41,C
1MS23CS5700,1,MCS15,AIML,Artificial Intelligence - A Modern Approach,BID51,C
1MS23CS7366,1,MCS11,Advanced Mathematics,Linear Algebra with Applications,BID13,D
1MS23CS4906,1,MCS12,ADBMS,Fundamentals of Database Systems,BID21,A
1MS23CS717,1,MCS16,IoT,Internet of Things,BID61,B
1MS23CS6500,1,MCS12,ADBMS,Fundamentals of Database Systems,BID21,S
1MS23CS338,1,MCS15,AIML,Artificial Intelligence - A Modern Approach,BID51,C
1MS23CS3327,1,MCS15,AIML,Artificial Intelligence - A Modern Approach,BID51,C
1MS23CS496,1,MCS12,ADBMS,NoSQL for Mere Mortals,BID23,C
1MS23CS3733,1,MCS14,VR,Virtual Reality,BID41,A
1MS23CS4866,1,MCS16,IoT,Internet of Things,BID61,B
1MS23CS6733,1,MCS14,VR,Virtual and Augmented Reality (VR/AR),BID42,A
1MS23CS7296,1,MCS13,RMI,Engineering Research Methodology,BID31,C
1MS23CS8713,1,MCS12,ADBMS,Database System Concepts,BID22,D
1MS23CS9632,1,MCS13,RMI,Engineering Research Methodology,BID31,B
1MS23CS8339,1,MCS12,ADBMS,Fundamentals of Database Systems,BID21,D
1MS23CS3150,1,MCS14,VR,Virtual and Augmented Reality (VR/AR),BID42,B
1MS23CS9449,1,MCS12,ADBMS,Database System Concepts,BID22,A
1MS23CS1464,1,MCS12,ADBMS,Database System Concepts,BID22,B
1MS23CS342,1,MCS13,RMI,Engineering Research Methodology,BID31,B
1MS23CS1165,1,MCS11,Advanced Mathematics,"Probability & Statistics with Reliability, Queuing and Computer Science Applications",BID12,C
1MS23CS9477,1,MCS16,IoT,Internet of Things,BID61,C
1MS23CS6689,1,MCS14,VR,Virtual Reality,BID41,C
1MS23CS1329,1,MCS12,ADBMS,Fundamentals of Database Systems,BID21,S
1MS23CS1072,1,MCS12,ADBMS,NoSQL for Mere Mortals,BID23,D
1MS23CS4002,1,MCS16,IoT,"Designing the Internet of Things, Wiley",BID62,S
1MS23CS2481,1,MCS12,ADBMS,Fundamentals of Database Systems,BID21,B
1MS23CS546,1,MCS13,RMI,Engineering Research Methodology,BID31,D
1MS23CS9736,1,MCS15,AIML,Machine Learning,BID52,S
1MS23CS2676,1,MCS16,IoT,"Designing the Internet of Things, Wiley",BID62,S
1MS23CS2194,1,MCS11,Advanced Mathematics,"Probability & Statistics with Reliability, Queuing and Computer Science Applications",BID12,A
1MS23CS1729,1,MCS12,ADBMS,Fundamentals of Database Systems,BID21,C
1MS23CS6667,1,MCS13,RMI,Engineering Research Methodology,BID31,C
1MS23CS3663,1,MCS16,IoT,Internet of Things,BID61,B
1MS23CS9619,1,MCS11,Advanced Mathematics,"Probability & Statistics with Reliability, Queuing and Computer Science Applications",BID12,D
1MS23CS2328,1,MCS12,ADBMS,Fundamentals of Database Systems,BID21,D
1MS23CS3692,1,MCS12,ADBMS,Fundamentals of Database Systems,BID21,D
1MS23CS6218,1,MCS16,IoT,"Designing the Internet of Things, Wiley",BID62,B
1MS23CS3660,1,MCS11,Advanced Mathematics,Advanced Engineering Mathematics,BID14,D
1MS23CS8651,1,MCS12,ADBMS,Database System Concepts,BID22,D
1MS23CS8990,1,MCS12,ADBMS,Fundamentals of Database Systems,BID21,A
1MS23CS5789,1,MCS15,AIML,Machine Learning,BID52,S
1MS23CS7749,1,MCS14,VR,Virtual and Augmented Reality (VR/AR),BID42,D
1MS23CS3064,1,MCS15,AIML,Machine Learning,BID52,A
1MS23CS8308,1,MCS14,VR,Virtual and Augmented Reality (VR/AR),BID42,C
1MS23CS7573,1,MCS13,RMI,Research Methods for Engineers,BID32,D
1MS23CS1561,1,MCS12,ADBMS,NoSQL for Mere Mortals,BID23,S
1MS23CS302,1,MCS15,AIML,Machine Learning,BID52,A
1MS23CS9204,1,MCS12,ADBMS,Database System Concepts,BID22,C
1MS23CS6469,1,MCS15,AIML,Artificial Intelligence - A Modern Approach,BID51,C
1MS23CS7210,1,MCS14,VR,Virtual and Augmented Reality (VR/AR),BID42,A
1MS23CS3835,1,MCS11,Advanced Mathematics,Advanced Engineering Mathematics,BID14,B
1MS23CS7846,1,MCS16,IoT,"Designing the Internet of Things, Wiley",BID62,A
1MS23CS2462,1,MCS16,IoT,Internet of Things,BID61,B
1MS23CS7127,1,MCS14,VR,Virtual and Augmented Reality (VR/AR),BID42,S
1MS23CS7587,1,MCS16,IoT,"Designing the Internet of Things, Wiley",BID62,A
1MS23CS3065,1,MCS12,ADBMS,Fundamentals of Database Systems,BID21,S
1MS23CS4920,1,MCS14,VR,Virtual and Augmented Reality (VR/AR),BID42,A
1MS23CS7657,1,MCS13,RMI,Engineering Research Methodology,BID31,S
1MS23CS606,1,MCS11,Advanced Mathematics,"Probability & Statistics with Reliability, Queuing and Computer Science Applications",BID12,A
1MS23CS7257,1,MCS16,IoT,Internet of Things,BID61,C
1MS23CS1975,1,MCS14,VR,Virtual Reality,BID41,D
1MS23CS9500,1,MCS14,VR,Virtual and Augmented Reality (VR/AR),BID42,S
1MS23CS4218,1,MCS15,AIML,Machine Learning,BID52,C
1MS23CS7260,1,MCS13,RMI,Research Methods for Engineers,BID32,B
1MS23CS1833,1,MCS11,Advanced Mathematics,Probability and Statistics,BID11,D
1MS23CS9866,1,MCS14,VR,Virtual Reality,BID41,S
1MS23CS4751,1,MCS14,VR,Virtual Reality,BID41,D
1MS23CS2788,1,MCS16,IoT,"Designing the Internet of Things, Wiley",BID62,D
1MS23CS653,1,MCS11,Advanced Mathematics,Linear Algebra with Applications,BID13,S
1MS23CS2611,1,MCS13,RMI,Research Methods for Engineers,BID32,A
1MS23CS9728,1,MCS12,ADBMS,Fundamentals of Database Systems,BID21,B
1MS23CS1443,1,MCS13,RMI,Research Methods for Engineers,BID32,B
1MS23CS4026,1,MCS12,ADBMS,Database System Concepts,BID22,B
1MS23CS6745,1,MCS11,Advanced Mathematics,Probability and Statistics,BID11,A
1MS23CS4824,1,MCS11,Advanced Mathematics,Linear Algebra with Applications,BID13,C
1MS23CS4315,1,MCS13,RMI,Engineering Research Methodology,BID31,D
1MS23CS2817,1,MCS12,ADBMS,NoSQL for Mere Mortals,BID23,D
1MS23CS9398,1,MCS16,IoT,"Designing the Internet of Things, Wiley",BID62,S
1MS23CS229,1,MCS16,IoT,Internet of Things,BID61,A
1MS23CS3326,1,MCS11,Advanced Mathematics,Linear Algebra with Applications,BID13,A
1MS23CS6389,1,MCS13,RMI,Research Methods for Engineers,BID32,C
1MS23CS7239,1,MCS11,Advanced Mathematics,"Probability & Statistics with Reliability, Queuing and Computer Science Applications",BID12,B
1MS23CS6493,1,MCS15,AIML,Machine Learning,BID52,S
1MS23CS1384,1,MCS12,ADBMS,Fundamentals of Database Systems,BID21,S
1MS23CS6334,1,MCS13,RMI,Engineering Research Methodology,BID31,A
1MS23CS3600,1,MCS16,IoT,"Designing the Internet of Things, Wiley",BID62,S
1MS23CS1747,1,MCS13,RMI,Research Methods for Engineers,BID32,S
1MS23CS7360,1,MCS15,AIML,Artificial Intelligence - A Modern Approach,BID51,A
1MS23CS1096,1,MCS16,IoT,"Designing the Internet of Things, Wiley",BID62,S
1MS23CS91,1,MCS15,AIML,Machine Learning,BID52,D
1MS23CS4053,1,MCS16,IoT,Internet of Things,BID61,S
1MS23CS7522,1,MCS14,VR,Virtual and Augmented Reality (VR/AR),BID42,A
1MS23CS8271,1,MCS13,RMI,Research Methods for Engineers,BID32,B
1MS23CS1363,1,MCS14,VR,Virtual Reality,BID41,S
1MS23CS8128,1,MCS16,IoT,"Designing the Internet of Things, Wiley",BID62,S
1MS23CS1083,1,MCS16,IoT,Internet of Things,BID61,A
1MS23CS2521,1,MCS11,Advanced Mathematics,Advanced Engineering Mathematics,BID14,A
1MS23CS1273,1,MCS15,AIML,Machine Learning,BID52,C
1MS23CS4326,1,MCS14,VR,Virtual and Augmented Reality (VR/AR),BID42,B
1MS23CS8924,1,MCS12,ADBMS,Database System Concepts,BID22,S
1MS23CS1409,1,MCS12,ADBMS,Database System Concepts,BID22,B
1MS23CS306,1,MCS12,ADBMS,NoSQL for Mere Mortals,BID23,D
1MS23CS7625,1,MCS12,ADBMS,NoSQL for Mere Mortals,BID23,C
1MS23CS5089,1,MCS12,ADBMS,Database System Concepts,BID22,B
1MS23CS1828,1,MCS15,AIML,Artificial Intelligence - A Modern Approach,BID51,D
1MS23CS8941,1,MCS13,RMI,Engineering Research Methodology,BID31,A
1MS23CS9659,1,MCS14,VR,Virtual Reality,BID41,D
1MS23CS325,1,MCS12,ADBMS,Fundamentals of Database Systems,BID21,A
1MS23CS7957,1,MCS15,AIML,Machine Learning,BID52,C
1MS23CS6772,1,MCS11,Advanced Mathematics,Advanced Engineering Mathematics,BID14,C
1MS23CS8577,1,MCS12,ADBMS,Fundamentals of Database Systems,BID21,C
1MS23CS7387,1,MCS12,ADBMS,Database System Concepts,BID22,C
1MS23CS5849,1,MCS13,RMI,Research Methods for Engineers,BID32,C
1MS23CS7392,1,MCS14,VR,Virtual and Augmented Reality (VR/AR),BID42,B
1MS23CS1335,1,MCS13,RMI,Engineering Research Methodology,BID31,C
1MS23CS4637,1,MCS12,ADBMS,Fundamentals of Database Systems,BID21,D
1MS23CS3269,1,MCS16,IoT,"Designing the Internet of Things, Wiley",BID62,B
1MS23CS2739,1,MCS14,VR,Virtual Reality,BID41,D
1MS23CS6869,1,MCS11,Advanced Mathematics,Advanced Engineering Mathematics,BID14,S
1MS23CS8568,1,MCS11,Advanced Mathematics,Advanced Engineering Mathematics,BID14,B
1MS23CS9998,1,MCS12,ADBMS,Fundamentals of Database Systems,BID21,B
1MS23CS761,1,MCS12,ADBMS,Fundamentals of Database Systems,BID21,C
1MS23CS2983,1,MCS11,Advanced Mathematics,Probability and Statistics,BID11,S
1MS23CS3278,1,MCS13,RMI,Research Methods for Engineers,BID32,A
1MS23CS4653,1,MCS12,ADBMS,Fundamentals of Database Systems,BID21,B
1MS23CS4923,1,MCS15,AIML,Machine Learning,BID52,S
1MS23CS6614,1,MCS15,AIML,Machine Learning,BID52,D
1MS23CS3952,1,MCS15,AIML,Machine Learning,BID52,S
1MS23CS3833,1,MCS15,AIML,Artificial Intelligence - A Modern Approach,BID51,A
1MS23CS724,1,MCS16,IoT,"Designing the Internet of Things, Wiley",BID62,A
1MS23CS7365,1,MCS15,AIML,Machine Learning,BID52,C
1MS23CS8314,1,MCS11,Advanced Mathematics,Linear Algebra with Applications,BID13,D
1MS23CS8771,1,MCS15,AIML,Machine Learning,BID52,D
1MS23CS4619,1,MCS13,RMI,Engineering Research Methodology,BID31,B
1MS23CS9064,1,MCS15,AIML,Machine Learning,BID52,A
1MS23CS4568,1,MCS11,Advanced Mathematics,Advanced Engineering Mathematics,BID14,D
1MS23CS1878,1,MCS11,Advanced Mathematics,Linear Algebra with Applications,BID13,C
1MS23CS7858,1,MCS16,IoT,"Designing the Internet of Things, Wiley",BID62,D
1MS23CS6861,1,MCS13,RMI,Research Methods for Engineers,BID32,D
1MS23CS4559,1,MCS16,IoT,Internet of Things,BID61,D
1MS23CS6738,1,MCS11,Advanced Mathematics,Advanced Engineering Mathematics,BID14,D
1MS23CS8210,1,MCS16,IoT,"Designing the Internet of Things, Wiley",BID62,C
1MS23CS9035,1,MCS13,RMI,Research Methods for Engineers,BID32,S
1MS23CS6988,1,MCS12,ADBMS,Fundamentals of Database Systems,BID21,C
1MS23CS1299,1,MCS13,RMI,Engineering Research Methodology,BID31,A
1MS23CS8627,1,MCS11,Advanced Mathematics,"Probability & Statistics with Reliability, Queuing and Computer Science Applications",BID12,A
1MS23CS637,1,MCS15,AIML,Artificial Intelligence - A Modern Approach,BID51,C
1MS23CS26,1,MCS13,RMI,Research Methods for Engineers,BID32,S
1MS23CS5855,1,MCS12,ADBMS,Database System Concepts,BID22,B
1MS23CS6063,1,MCS12,ADBMS,Fundamentals of Database Systems,BID21,S
1MS23CS2294,1,MCS15,AIML,Machine Learning,BID52,A
1MS23CS6002,1,MCS15,AIML,Artificial Intelligence - A Modern Approach,BID51,B
1MS23CS2537,1,MCS15,AIML,Artificial Intelligence - A Modern Approach,BID51,C
1MS23CS4565,1,MCS15,AIML,Machine Learning,BID52,B
1MS23CS1800,1,MCS12,ADBMS,NoSQL for Mere Mortals,BID23,A
1MS23CS6992,1,MCS12,ADBMS,NoSQL for Mere Mortals,BID23,D
1MS23CS4621,1,MCS11,Advanced Mathematics,Probability and Statistics,BID11,C
1MS23CS2804,1,MCS14,VR,Virtual and Augmented Reality (VR/AR),BID42,S
1MS23CS6512,1,MCS15,AIML,Machine Learning,BID52,D
1MS23CS511,1,MCS15,AIML,Machine Learning,BID52,D
1MS23CS7546,1,MCS15,AIML,Machine Learning,BID52,C
1MS23CS2940,1,MCS11,Advanced Mathematics,Linear Algebra with Applications,BID13,A
1MS23CS7553,1,MCS13,RMI,Engineering Research Methodology,BID31,D
1MS23CS5934,1,MCS11,Advanced Mathematics,Linear Algebra with Applications,BID13,B
1MS23CS2321,1,MCS16,IoT,Internet of Things,BID61,B
1MS23CS6245,1,MCS16,IoT,Internet of Things,BID61,A
1MS23CS5404,1,MCS13,RMI,Research Methods for Engineers,BID32,D
1MS23CS1697,1,MCS13,RMI,Research Methods for Engineers,BID32,A
1MS23CS586,1,MCS11,Advanced Mathematics,"Probability & Statistics with Reliability, Queuing and Computer Science Applications",BID12,D
1MS23CS2004,1,MCS15,AIML,Artificial Intelligence - A Modern Approach,BID51,D
1MS23CS2706,1,MCS16,IoT,"Designing the Internet of Things, Wiley",BID62,A
1MS23CS5288,1,MCS15,AIML,Artificial Intelligence - A Modern Approach,BID51,S
1MS23CS9219,1,MCS16,IoT,"Designing the Internet of Things, Wiley",BID62,A
1MS23CS9029,1,MCS13,RMI,Engineering Research Methodology,BID31,S
1MS23CS1684,1,MCS12,ADBMS,NoSQL for Mere Mortals,BID23,D
1MS23CS2736,1,MCS12,ADBMS,Fundamentals of Database Systems,BID21,A
1MS23CS9011,1,MCS15,AIML,Artificial Intelligence - A Modern Approach,BID51,B
1MS23CS1931,1,MCS12,ADBMS,NoSQL for Mere Mortals,BID23,S
1MS23CS9703,1,MCS15,AIML,Machine Learning,BID52,B
1MS23CS2958,1,MCS11,Advanced Mathematics,Linear Algebra with Applications,BID13,A
1MS23CS511,1,MCS16,IoT,Internet of Things,BID61,B
1MS23CS3844,1,MCS11,Advanced Mathematics,"Probability & Statistics with Reliability, Queuing and Computer Science Applications",BID12,S
1MS23CS565,1,MCS16,IoT,"Designing the Internet of Things, Wiley",BID62,S
1MS23CS2825,1,MCS16,IoT,Internet of Things,BID61,A
1MS23CS1845,1,MCS13,RMI,Research Methods for Engineers,BID32,B
1MS23CS4157,1,MCS12,ADBMS,Database System Concepts,BID22,C
1MS23CS7959,1,MCS14,VR,Virtual Reality,BID41,D
1MS23CS9561,1,MCS12,ADBMS,Fundamentals of Database Systems,BID21,A
1MS23CS835,1,MCS16,IoT,"Designing the Internet of Things, Wiley",BID62,S
1MS23CS4378,1,MCS15,AIML,Artificial Intelligence - A Modern Approach,BID51,C
1MS23CS3265,1,MCS12,ADBMS,NoSQL for Mere Mortals,BID23,S
1MS23CS8102,1,MCS15,AIML,Machine Learning,BID52,A
1MS23CS2889,1,MCS11,Advanced Mathematics,"Probability & Statistics with Reliability, Queuing and Computer Science Applications",BID12,C
1MS23CS8120,1,MCS13,RMI,Research Methods for Engineers,BID32,C
1MS23CS118,1,MCS16,IoT,"Designing the Internet of Things, Wiley",BID62,C
1MS23CS8884,1,MCS12,ADBMS,Fundamentals of Database Systems,BID21,S
1MS23CS8156,1,MCS13,RMI,Engineering Research Methodology,BID31,B
1MS23CS6981,1,MCS12,ADBMS,Database System Concepts,BID22,D
1MS23CS3820,1,MCS13,RMI,Engineering Research Methodology,BID31,C
1MS23CS9970,1,MCS14,VR,Virtual and Augmented Reality (VR/AR),BID42,B
1MS23CS9207,1,MCS14,VR,Virtual Reality,BID41,C
1MS23CS9948,1,MCS15,AIML,Machine Learning,BID52,B
1MS23CS9488,1,MCS11,Advanced Mathematics,Advanced Engineering Mathematics,BID14,A
1MS23CS2579,1,MCS16,IoT,Internet of Things,BID61,S
1MS23CS2027,1,MCS12,ADBMS,NoSQL for Mere Mortals,BID23,S
1MS23CS8308,1,MCS16,IoT,Internet of Things,BID61,S
1MS23CS707,1,MCS11,Advanced Mathematics,Advanced Engineering Mathematics,BID14,A
1MS23CS988,1,MCS16,IoT,"Designing the Internet of Things, Wiley",BID62,A
1MS23CS7201,1,MCS16,IoT,"Designing the Internet of Things, Wiley",BID62,S
1MS23CS4074,1,MCS11,Advanced Mathematics,Probability and Statistics,BID11,B
1MS23CS8537,1,MCS13,RMI,Engineering Research Methodology,BID31,A
1MS23CS5577,1,MCS15,AIML,Artificial Intelligence - A Modern Approach,BID51,S
1MS23CS5179,1,MCS12,ADBMS,Fundamentals of Database Systems,BID21,B
1MS23CS9844,1,MCS13,RMI,Research Methods for Engineers,BID32,D
1MS23CS3404,1,MCS14,VR,Virtual and Augmented Reality (VR/AR),BID42,A
1MS23CS4452,1,MCS11,Advanced Mathematics,Advanced Engineering Mathematics,BID14,A
1MS23CS1204,1,MCS15,AIML,Machine Learning,BID52,A
1MS23CS9972,1,MCS11,Advanced Mathematics,Advanced Engineering Mathematics,BID14,D
1MS23CS5163,1,MCS16,IoT,"Designing the Internet of Things, Wiley",BID62,A
1MS23CS4610,1,MCS16,IoT,"Designing the Internet of Things, Wiley",BID62,C
1MS23CS2805,1,MCS11,Advanced Mathematics,Advanced Engineering Mathematics,BID14,C
1MS23CS8326,1,MCS12,ADBMS,NoSQL for Mere Mortals,BID23,B
1MS23CS4204,1,MCS16,IoT,Internet of Things,BID61,A
1MS23CS5380,1,MCS14,VR,Virtual Reality,BID41,C
1MS23CS5162,1,MCS13,RMI,Research Methods for Engineers,BID32,A
1MS23CS6771,1,MCS11,Advanced Mathematics,Advanced Engineering Mathematics,BID14,D
1MS23CS2929,1,MCS16,IoT,Internet of Things,BID61,B
1MS23CS5092,1,MCS11,Advanced Mathematics,Probability and Statistics,BID11,S
1MS23CS3049,1,MCS14,VR,Virtual and Augmented Reality (VR/AR),BID42,B
1MS23CS9527,1,MCS15,AIML,Machine Learning,BID52,D
1MS23CS9945,1,MCS15,AIML,Artificial Intelligence - A Modern Approach,BID51,B
1MS23CS4194,1,MCS14,VR,Virtual Reality,BID41,C
1MS23CS6869,1,MCS12,ADBMS,Fundamentals of Database Systems,BID21,S
1MS23CS4321,1,MCS15,AIML,Machine Learning,BID52,C
1MS23CS8499,1,MCS16,IoT,"Designing the Internet of Things, Wiley",BID62,C
1MS23CS8147,1,MCS16,IoT,Internet of Things,BID61,C
1MS23CS1004,1,MCS12,ADBMS,Database System Concepts,BID22,C
1MS23CS5231,1,MCS14,VR,Virtual and Augmented Reality (VR/AR),BID42,C
1MS23CS5480,1,MCS13,RMI,Research Methods for Engineers,BID32,B
1MS23CS687,1,MCS12,ADBMS,Database System Concepts,BID22,B
1MS23CS2523,1,MCS14,VR,Virtual Reality,BID41,S
1MS23CS247,1,MCS11,Advanced Mathematics,Probability and Statistics,BID11,C
